model_name,n_obs,r_squared,adj_r_squared,aic,bic
Model 1 - Serious Arrears Rate,55,0.9282903917305656,0.9193266906968863,-77.85209125806392,-63.80075896143663
