model_name,n_obs,r_squared,adj_r_squared,aic,bic
Model 2 - Log New Possessions,55,0.790227936237559,0.764006428267254,69.42089373112958,83.47222602775688
